{"cameraMode":{"drawMode":0,"name":"Shaded","section":"Shading Mode"},"sceneLighting":false,"audioPlay":false,"sceneViewState":{"m_AlwaysRefresh":false,"showFog":true,"showSkybox":false,"showFlares":true,"showImageEffects":true,"showParticleSystems":true,"showVisualEffectGraphs":true,"m_FxEnabled":true},"in2DMode":false,"pivot":{"x":12.784887313842774,"y":-51.81543731689453,"z":55.61893844604492},"rotation":{"x":-0.37936681509017947,"y":0.0019398679723963142,"z":-0.0008007242577150464,"w":-0.9252533912658691},"size":43.605342864990237,"orthographic":false}